doc,word,count
1,吐露,1
1,トーク,1
1,感覚,1
1,ゲスト,2
1,オールナイト,1
1,月,1
1,イヤ,1
1,時間,1
1,後,2
1,氏,1
1,料理,1
1,苦笑い,1
1,ん,1
1,萩本,1
1,最近,1
1,申し訳,1
1,番組,2
1,ホン,1
1,花,1
1,嫌い,1
1,ニッポン,2
1,談義,1
1,紹介,1
1,開始,2
1,フジテレビ,1
1,ひま,1
1,分,1
1,さん,2
1,弱,1
1,誰,1
1,展開,1
1,週間,1
1,いっぱい,1
1,治郎,1
1,わけ,1
1,フリー,1
1,ほか,1
1,終了,2
1,共通,1
1,辛,1
1,機会,1
1,悩み,1
1,趣味,1
1,愚痴,1
1,坊,1
1,タレント,1
1,年間,1
1,変化,1
1,約束,1
1,こと,2
1,何,1
1,放送,2
1,強調,1
1,その後,1
1,ヨット,1
1,回,1
1,やりとり,1
1,日,1
1,ヶ月,1
1,ペース,1
1,ウイスキー,1
1,日にち,1
1,司会,1
1,まちまち,1
1,曜日,2
1,タモリ,6
1,欽一,1
1,多趣味,1
1,出演,1
1,キャスター,1
1,系,1
1,早々,1
1,引退,1
2,ナウル,1
2,％,1
2,万,4
2,円,3
2,月,1
2,日本,1
2,値上げ,1
2,マグロ,1
2,合意,1
2,料,2
2,幅,1
2,太平洋,1
2,諸島,1
2,島国,1
2,マジュロ,1
2,当初,1
2,負担,1
2,遠洋,2
2,通信,1
2,構成,1
2,方針,1
2,当たり,1
2,首都,1
2,カ国,1
2,年,1
2,水域,1
2,会合,1
2,大幅,1
2,増額,1
2,新た,1
2,時事,1
2,現在,1
2,適用,1
2,こと,1
2,シドニー,1
2,日,2
2,ため,1
2,反発,1
2,豊富,1
2,アジア,1
2,協定,1
2,カツオ,1
2,欧州,1
2,マーシャル,1
2,入漁,2
2,加盟,2
2,ドル,3
2,各国,1
2,漁場,1
2,予想,1
2,漁船,2
2,国,2
3,見解,1
3,あい,1
3,会談,2
3,識者,1
3,２,1
3,今秋,1
3,際,1
3,理事,3
3,文科,1
3,良治,1
3,チーム,1
3,社,1
3,著者,1
3,博文,1
3,省内,1
3,案,1
3,語気,1
3,科学,3
3,指導,1
3,担当,2
3,日,2
3,糧,1
3,検証,2
3,結果,1
3,野依,3
3,再生,1
3,作業,1
3,徹底,1
3,徹底的,2
3,省,1
3,大場,1
3,発表,1
3,不正,3
3,論文,5
3,提出,1
3,要請,1
3,１,2
3,説得,1
3,崖っぷち,1
3,力,1
3,委員,2
3,疑惑,1
3,会,1
3,非常,1
3,国会,1
3,岸,1
3,面会,1
3,浮上,1
3,同日,1
3,染色,1
3,理化学研究所,1
3,やりとり,1
3,輝雄,1
3,舞台,1
3,書,3
3,外部,1
3,改革,4
3,市,1
3,作成,1
3,説明,1
3,理研,5
3,策定,1
3,計画,1
3,出版,1
3,一太,1
3,来週,1
3,設置,1
3,下村,1
3,行動,1
3,方針,1
3,ため,1
3,山本,2
3,研究,3
3,細胞,3
3,危機,1
3,大臣,1
3,報道陣,1
3,問題,3
3,提言,3
3,理解,1
3,法案,1
3,防止,1
3,文部,1
3,国立,1
3,調査,3
3,法人,1
3,後,1
3,３,1
3,センター,1
3,場合,1
3,午前,1
3,開発,1
3,感,1
3,国民,1
3,総合,1
3,科技,1
3,特定,1
3,解体,1
3,神戸,1
3,今,1
3,指定,1
3,技術,1
3,体,1
3,お願い,1
3,相,3
3,疑義,1
3,よう,1
3,定義,1
3,強化,1
3,発生,1
3,図解,1
3,長,4
3,臨時,1
3,認定,1
4,真実,1
4,私,2
4,アイドル,1
4,つもり,1
4,吉川,4
4,気,1
4,フライデー,1
4,事,4
4,メディア,1
4,それ,3
4,誌,1
4,イメージ,1
4,笑,1
4,雅功,1
4,写真,1
4,大,1
4,嘘,2
4,自分,1
4,意味,2
4,コメント,2
4,発売,1
4,柄,1
4,タウン,1
4,言葉,1
4,投稿,1
4,浜田,6
4,別宅,1
4,同誌,1
4,大切,1
4,等身,1
4,側,2
4,都内,1
4,小川,3
4,の,1
4,妻,2
4,多数,1
4,感謝,1
4,講談社,1
4,読者,1
4,記事,1
4,ダウン,1
4,時,1
4,偽り,1
4,当たり前,1
4,前,1
4,職業,1
4,件,1
4,タレント,2
4,グラビア,1
4,報道,2
4,現在,1
4,色々,1
4,こと,2
4,菜摘,1
4,午後,1
4,不倫,2
4,正式,1
4,様子,1
4,週刊,1
4,よう,1
4,直撃,1
4,取材,1
4,日,4
4,麻衣子,1
4,深長,1
4,出入り,1
4,一部,1
4,本質,1
4,ん,1
4,更新,1
4,家族,1
4,今回,1
4,反論,1
4,年,1
4,関係,2
4,マンション,1
4,皆さん,1
4,もの,1
4,姿,1
5,調査,1
5,説明,1
5,ら,1
5,月,1
5,うち,1
5,検査,1
5,曖昧,1
5,死亡,3
5,公表,1
5,関東,1
5,使用,2
5,医療,1
5,報告,1
5,確認,1
5,部分,1
5,室,1
5,事故,1
5,労働省,1
5,有無,1
5,中,1
5,新宿,1
5,患者,1
5,治療,1
5,男児,1
5,区,1
5,経緯,1
5,東京,3
5,因果,1
5,小児,1
5,局,1
5,後日,1
5,人工,1
5,記録,1
5,女子,1
5,年間,1
5,呼吸,1
5,鎮静,1
5,厚生,2
5,医大,1
5,医師,1
5,その後,1
5,よう,1
5,ため,1
5,内部,1
5,薬剤,1
5,人,2
5,日,1
5,剤,1
5,未満,1
5,信越,1
5,診療,1
5,病院,3
5,歳,1
5,投与,2
5,同省,2
5,年,1
5,関係,1
5,法,1
5,当時,1
5,都,2
5,集中,1
6,死傷,1
6,滑落,7
6,死亡,4
6,２,4
6,山々,1
6,涸沢岳,1
6,最多,1
6,級,1
6,夏山,2
6,天候,1
6,神奈川,1
6,天気,2
6,特定,1
6,８月,1
6,兵庫,1
6,香川大学,1
6,午後,1
6,飛,1
6,さん,2
6,春山,1
6,代,1
6,日,4
6,早,1
6,悪化,1
6,側,1
6,冬山,1
6,雪崩,1
6,千,1
6,１,7
6,５,2
6,防衛大学校,1
6,９,2
6,温泉郷,1
6,会,2
6,シーズン,1
6,性,1
6,大切,1
6,死者,1
6,発達,1
6,年,1
6,男性,2
6,日没,1
6,いずれ,1
6,過去,1
6,雷雨,1
6,奥,1
6,部,1
6,校友,1
6,撤退,1
6,積乱雲,1
6,経験,3
6,高山,2
6,市,2
6,県,6
6,消防署,1
6,０,5
6,４,2
6,８,3
6,北アルプス,3
6,山小屋,1
6,岩,1
6,奥穂高岳,1
6,対策,1
6,うち,1
6,県警,2
6,教授,1
6,こと,3
6,原則,1
6,時期,1
6,員,1
6,畠,2
6,危険,1
6,の,2
6,数,1
6,者,6
6,写真,1
6,協議,1
6,豊富,1
6,３,3
6,７,3
6,山並み,1
6,事故,4
6,今年,1
6,末,1
6,中,2
6,岐阜,4
6,課,1
6,連休,1
6,人,7
6,２月,1
6,美奈子,1
6,登山,4
6,山岳,2
6,地域,1
6,メートル,1
6,到着,1
6,さ,1
6,時間,1
6,神坂,1
6,遭難,5
6,中高年,1
6,雪,1
6,ペース,1
6,槍ケ岳,1
6,５月,2
6,件,3
6,けが,1
6,原因,1
7,報道,1
7,石原,1
7,一切,1
7,挑発,1
7,批判,1
7,１,1
7,０,1
7,３,2
7,外務省,1
7,形容,1
7,春,1
7,北京,1
7,映像,1
7,公表,1
7,撤回,1
7,会見,1
7,行動,1
7,局長,1
7,中国,3
7,三つ,1
7,日本,2
7,主張,1
7,定例,1
7,言葉,2
7,国防省,1
7,メートル,1
7,こと,1
7,聖,1
7,恥知らず,1
7,よう,1
7,機,1
7,日,1
7,自衛隊,1
7,接近,1
7,華,1
7,道理,1
7,かし,1
7,側,1
7,軍機,1
7,事実,1
8,予定,1
8,多く,1
8,航空,2
8,丈,2
8,型,1
8,上,1
8,批判,1
8,指摘,1
8,１,5
8,０,2
8,３,5
8,５,1
8,４,1
8,６,1
8,旅客機,1
8,膝,1
8,機内,1
8,乗務,3
8,ＰＲ,1
8,以外,2
8,ところ,1
8,当初,1
8,エアバス,1
8,半年,1
8,用,2
8,性,1
8,会見,1
8,制服,2
8,意味,1
8,波紋,1
8,誘発,1
8,方針,1
8,マーク,1
8,西久保,2
8,採用,1
8,団体,2
8,女性,1
8,客室,1
8,役割,1
8,センチ,2
8,羽田,1
8,関連,1
8,記者,1
8,これ,1
8,新た,1
8,福岡,1
8,社長,2
8,セクハラ,1
8,こと,1
8,路線,1
8,種類,1
8,ミニスカート,1
8,その後,1
8,労組,2
8,線,1
8,話題,1
8,員,3
8,明らか,1
8,形,1
8,日,3
8,関係,2
8,スカイ,1
8,慎一,1
8,導入,1
8,決算,1
8,間,1
8,機種,1
8,用意,1
8,スカート,2
8,ミニ,2
8,就航,1
8,着用,1
8,転換,1
9,増税,1
9,高め,1
9,指摘,1
9,物価,2
9,消費,5
9,確実,1
9,現行,1
9,作用,1
9,一時,1
9,自動車,1
9,記者,1
9,強調,2
9,日,1
9,見方,1
9,夏場,1
9,駆け込み,1
9,耐久,1
9,落ち込み,1
9,引き上げ,1
9,需要,1
9,％,3
9,的,3
9,復帰,1
9,環境,1
9,景気,2
9,会合,2
9,減,2
9,金融,3
9,財,1
9,維持,1
9,循環,1
9,道,1
9,全員,1
9,自信,1
9,減衰,1
9,黒田,2
9,見通し,1
9,後半,1
9,日銀,1
9,影響,1
9,東,1
9,年度,1
9,分析,1
9,推移,1
9,率,3
9,経路,1
9,上,1
9,税,1
9,継続,2
9,以降,1
9,確認,1
9,姿勢,1
9,量的,2
9,半ば,1
9,税率,1
9,前日,1
9,日本,1
9,成長,2
9,会見,1
9,目標,1
9,こと,1
9,所得,1
9,当面,2
9,持ち直し,1
9,総裁,2
9,ごろ,1
9,潜在,1
9,決定,1
9,者,1
9,中心,1
9,前向き,1
9,後,3
9,経済,1
9,上昇,2
9,反動,2
9,政策,1
9,雇用,1
9,今年度,1
9,質,2
9,メカニズム,1
9,改善,1
9,達成,1
9,前半,1
9,台,1
9,先行き,1
9,緩和,2
9,一致,1
10,内,1
10,万,1
10,自主,1
10,月,2
10,個,1
10,破損,1
10,底,1
10,製造,1
10,対象,1
10,表記,1
10,骨,1
10,中,1
10,水,1
10,缶,2
10,着払い,1
10,返品,1
10,混入,1
10,片,1
10,期限,1
10,缶詰,2
10,こと,1
10,回収,2
10,送料,1
10,ため,1
10,判明,1
10,過程,1
10,日,3
10,賞味,1
10,さけ,1
10,金属,1
10,発表,1
10,年,2
11,代表,1
11,ブラジル,3
11,皆さん,1
11,誤審,1
11,Ｗ杯,1
11,物議,2
11,個,1
11,後,1
11,氏,2
11,英語,1
11,１,4
11,０,2
11,３,3
11,日本語,1
11,さん,1
11,写真,1
11,主審,3
11,宇多田,3
11,最初,1
11,周り,1
11,嫌い,1
11,戦,2
11,シンガー・ソングライター,1
11,ファン,1
11,後ろ,1
11,大会,1
11,不運,1
11,日本人,1
11,監督,2
11,結局,1
11,開幕,1
11,これ,1
11,試合,3
11,ＰＫ,6
11,みんな,1
11,決勝,1
11,冗談,1
11,判断,1
11,プレー,1
11,サッカー,2
11,選手,1
11,あれ,1
11,手,1
11,雄一,1
11,点,1
11,こと,1
11,その後,1
11,問題,1
11,日,2
11,不満,2
11,後半,1
11,失礼,1
11,西村,5
11,クロアチア,6
11,鵜呑み,1
11,判定,1
11,得点,1
11,今度,1
11,シーン,1
11,謝罪,2
12,カイロ,1
12,国家,2
12,世界中,1
12,制圧,2
12,系,1
12,毎日新聞,1
12,前身,1
12,指摘,1
12,２,4
12,６,2
12,要衝,1
12,研究所,1
12,一連,1
12,豪語,1
12,当初,1
12,敵対,1
12,示唆,2
12,駐留,1
12,通信,1
12,犯,1
12,日本人,1
12,対立,1
12,方,1
12,神,1
12,テロ,1
12,派,9
12,最終,1
12,員,1
12,電話,1
12,独善,1
12,バグダッド,1
12,掌握,1
12,化,2
12,これ,1
12,名義,1
12,地域,3
12,防衛,1
12,波乱,1
12,抑圧,1
12,大統領,1
12,指導,2
12,ヨルダン,1
12,本格,1
12,反発,1
12,勢い,1
12,参加,1
12,１０月,1
12,政府,2
12,日,3
12,厳格,1
12,地帯,1
12,地方,1
12,側,1
12,欧州,1
12,当時,1
12,イスラム教,2
12,以外,1
12,義勇,1
12,無視,1
12,バント,2
12,的,2
12,略奪,1
12,強硬,1
12,設立,2
12,１,6
12,全身,1
12,５,1
12,諸国,1
12,組織,8
12,無人,1
12,要因,1
12,罰,1
12,過激,3
12,窃盗,1
12,シーア,1
12,中部,2
12,構成,1
12,身代金,1
12,アラブ,1
12,主,1
12,女性,1
12,勢力,1
12,男性,4
12,注力,1
12,シリア,9
12,手,1
12,脅威,1
12,地元,1
12,秋山,1
12,今月,1
12,政権,4
12,メンバー,4
12,油田,1
12,姿勢,2
12,機,1
12,実現,1
12,アフガニスタン,1
12,侵攻,3
12,適用,2
12,密輸,1
12,国,3
12,空爆,1
12,レ,2
12,撤退,2
12,米,5
12,アサド,4
12,我々,1
12,経験,2
12,アフリカ,1
12,主導,1
12,意味,1
12,周辺,1
12,弱体,1
12,物資,1
12,小規模,1
12,ら,2
12,初期,1
12,県,6
12,体制,1
12,要求,1
12,０,5
12,間,2
12,４,3
12,布,1
12,誘拐,2
12,報告,1
12,嫌悪,1
12,殺害,1
12,以降,1
12,社会,1
12,活動,2
12,戦闘,4
12,戦線,1
12,恐れ,1
12,国際,2
12,作戦,2
12,中東,3
12,４月,1
12,実戦,1
12,支援,1
12,住民,1
12,年,6
12,拡大,3
12,絶縁,2
12,軍,4
12,取材,1
12,大学,1
12,こと,3
12,法,1
12,抗争,1
12,放置,1
12,襲撃,1
12,半分,1
12,教義,1
12,信一,1
12,イスラム,4
12,源,1
12,アフガン,1
12,全体,1
12,内戦,1
12,の,1
12,攻撃,3
12,数,1
12,主要,1
12,部族,1
12,容疑,2
12,ＡＦＰ,1
12,着用,1
12,戦略,1
12,スンニ,4
12,支配,4
12,者,6
12,建設,1
12,名,1
12,後,1
12,夏,1
12,容赦,1
12,豊富,2
12,影響,1
12,３,2
12,市民,1
12,北,1
12,同調,1
12,改称,1
12,リゾール,1
12,トップ,1
12,レバノン,1
12,資金,1
12,配布,1
12,事態,1
12,人々,1
12,末,1
12,中,1
12,軍事,1
12,優位,1
12,所長,1
12,都市,2
12,兵,1
12,人,5
12,首都,1
12,千,1
12,掃討,1
12,出身,1
12,地中海,1
12,北部,3
12,目的,1
12,アジア,1
12,命令,2
12,黒,1
12,さ,1
12,隣国,1
12,現在,1
12,イラク,14
12,意見,1
12,聖戦,1
12,家族,1
12,拉致,1
12,目,1
12,歳,1
12,手法,1
12,東岸,1
12,東部,2
12,国土,1
12,西,1
12,人道,1
13,専門,2
13,特別,1
13,昨年,1
13,利用,1
13,友人,1
13,会,1
13,服装,1
13,同省,1
13,制服,1
13,保健,1
13,困難,1
13,活動,1
13,文部,1
13,職員,1
13,回答,2
13,プライバシー,1
13,不足,1
13,科学,1
13,日,1
13,結果,2
13,側,3
13,スカート,1
13,教育,1
13,個別,1
13,省,1
13,万,2
13,小,1
13,学校,7
13,対象,1
13,委員,1
13,実施,1
13,性,6
13,増加,1
13,高校,1
13,家,1
13,全国,2
13,配慮,3
13,余,1
13,高,1
13,それぞれ,1
13,戸籍,1
13,部,1
13,一部,2
13,可能,1
13,把握,2
13,作成,1
13,少数,1
13,例,1
13,上,1
13,生徒,4
13,相談,3
13,児童,4
13,トイレ,2
13,同一,2
13,用,1
13,公表,1
13,うち,1
13,知識,1
13,支援,1
13,年齢,1
13,心,1
13,こと,1
13,明らか,1
13,障害,2
13,事例,2
13,の,6
13,数,1
13,割,2
13,着用,2
13,中学校,1
13,調査,3
13,使用,1
13,ごと,1
13,校,1
13,生活,1
13,室,1
13,配布,1
13,中,2
13,優先,1
13,男子,2
13,人,14
13,更衣,1
13,悩み,2
13,集,1
13,女子,2
13,体,1
13,課題,1
13,対応,5
13,今年度,1
13,意見,1
13,一致,1
13,授業,1
13,大半,1
14,専門,2
14,指摘,1
14,条件,3
14,世代,1
14,海外,1
14,ピーク,1
14,一般,1
14,デフレ,1
14,求職,1
14,学的,1
14,マッチ,1
14,有効,1
14,上,2
14,提示,1
14,人口,3
14,政府,1
14,不足,4
14,一方,1
14,状況,1
14,倍率,2
14,低下,1
14,日,1
14,済み,1
14,ミス,1
14,横ばい,1
14,簡単,1
14,老人,1
14,省,1
14,％,6
14,的,1
14,万,3
14,職種,1
14,統計,1
14,景気,2
14,性,1
14,時代,1
14,企業,3
14,労働省,1
14,家,2
14,長期,1
14,完全,3
14,先月,1
14,サービス,1
14,介護,1
14,はず,1
14,割合,1
14,ため,1
14,不可能,1
14,業,1
14,経済,2
14,声,2
14,可能,1
14,職,3
14,人材,2
14,求人,2
14,数字,4
14,率,7
14,逆,1
14,水準,1
14,月,2
14,調整,1
14,継続,1
14,発表,2
14,勤労,1
14,好景気,1
14,活動,1
14,事務職,1
14,うち,1
14,方針,1
14,カウント,1
14,失業,11
14,疑問,2
14,日本,5
14,拡大,1
14,倍,3
14,現在,1
14,こと,4
14,悲鳴,1
14,解消,1
14,米国,1
14,以上,2
14,ここ,1
14,全体,1
14,現実,1
14,の,8
14,数,2
14,割,1
14,総務,1
14,国,1
14,者,6
14,建設,1
14,採用,1
14,必要,1
14,後,1
14,受け入れ,1
14,一定,1
14,バブル,1
14,上昇,1
14,理由,2
14,別,1
14,関係,1
14,深刻,1
14,季節,1
14,中,2
14,業界,1
14,市場,2
14,発生,1
14,仕事,3
14,これ,1
14,人,14
14,わけ,1
14,雇用,2
14,いくら,1
14,労働,8
14,ゼロ,1
14,定義,2
14,人手,4
14,状態,1
14,歳,1
14,厚生,1
14,一致,1
15,きっかけ,1
15,小森,2
15,ヌード,1
15,見た目,1
15,共演,1
15,一,1
15,三,1
15,歴史,1
15,下,1
15,モデル,1
15,二,1
15,氏,2
15,花嫁,1
15,ん,1
15,そう,1
15,純,2
15,写真,1
15,自身,1
15,愛,1
15,報告,2
15,元気,1
15,様子,1
15,純白,1
15,交際,1
15,結婚,1
15,夫,1
15,セミ,1
15,後悔,1
15,誰,1
15,男の子,1
15,アパレル,1
15,精進,1
15,男児,1
15,発展,1
15,妻,1
15,人,2
15,親父,1
15,逗子,1
15,年,1
15,ショット,1
15,我が家,1
15,今井,2
15,手,1
15,家,1
15,タレント,1
15,降臨,1
15,出産,1
15,経営,1
15,子,2
15,諒,1
15,ミュージックビデオ,1
15,なに,1
15,付,1
15,健康,1
15,背中,1
15,息子,2
15,この世,1
15,様,1
15,日,2
15,音楽,1
15,昨夜,1
15,兄弟,1
15,ブラ,1
15,家族,1
15,月,2
15,翌年,1
15,気持ち,1
15,の,1
15,共,1
15,披露,1
15,会社,1
15,こと,2
15,ユニット,1
15,母子,1
15,新た,1
15,無事,1
16,千尋,2
16,あたり,1
16,昨年,3
16,指摘,1
16,数字,1
16,適応,2
16,キロ,1
16,スムーズ,1
16,プロ,1
16,日本人,2
16,投手,4
16,広島,2
16,ツアー,1
16,獲得,1
16,プレー,2
16,エース,1
16,右腕,1
16,記者,1
16,金,1
16,ヤンキース,3
16,マイル,1
16,注目,1
16,クラス,1
16,通算,1
16,担当,1
16,金子,3
16,大金,1
16,興味,1
16,結果,1
16,年,1
16,数値,1
16,簡単,1
16,・,7
16,意向,1
16,大谷,2
16,価値,1
16,万,1
16,円,1
16,オリックス,2
16,氏,2
16,紙,1
16,コメント,1
16,次,3
16,別れ,1
16,紹介,1
16,イニング,1
16,球団,3
16,評価,2
16,成功,1
16,日本ハム,2
16,入札,2
16,記事,3
16,タレント,1
16,幹部,1
16,ボール,1
16,地元,1
16,最近,1
16,匹敵,1
16,ため,2
16,ワールド,1
16,陣,1
16,左,1
16,インパクト,1
16,特集,1
16,ドル,1
16,スカウト,2
16,平,1
16,候補,1
16,巨人,1
16,億,2
16,率,3
16,将,1
16,月,1
16,ニューヨーク,1
16,ヒロ,1
16,楽天,2
16,最速,1
16,選手,1
16,高校生,1
16,脇腹,1
16,圧倒的,2
16,バーゲン,1
16,コラムニスト,1
16,ピッチャー,1
16,日本,2
16,計測,1
16,移籍,1
16,タナカ,1
16,こと,4
16,負傷,1
16,米国,3
16,以上,1
16,ここ,1
16,メジャー,9
16,の,7
16,数,1
16,彼,1
16,活躍,1
16,先週,1
16,者,1
16,制度,1
16,前田,8
16,パフォーマンス,1
16,速球,1
16,掲載,1
16,先発,1
16,年俸,1
16,度,1
16,名前,2
16,マサ,1
16,ベスト,1
16,すべて,1
16,防御,2
16,証明,1
16,田中,11
16,健太,1
16,今,2
16,額,1
16,年間,1
16,四球,1
16,有名,1
16,翔,1
16,挑戦,1
16,よう,5
16,総額,1
16,関係,1
16,野球,1
16,希望,1
16,目,1
16,今年,1
16,試合,1
16,三振,2
16,基準,1
16,最後,1
17,作成,1
17,ら,1
17,養成,1
17,協議,1
17,１,3
17,施設,2
17,３,1
17,２,2
17,５,1
17,４,2
17,ごと,1
17,都道府県,1
17,会,3
17,計画,3
17,報告,1
17,設置,2
17,推進,2
17,施行,1
17,医,3
17,人,2
17,解剖,3
17,遺体,1
17,検視,1
17,課題,1
17,嘱託,1
17,整備,1
17,等,1
17,有識者,1
17,地域,1
17,年間,1
17,今後,1
17,死因,3
17,法,1
17,不足,1
17,医師,1
17,行政,1
17,閣議,1
17,研修,1
17,政府,1
17,日,1
17,０,4
17,検討,1
17,不明,1
17,究明,2
17,警察,2
17,年,1
17,決定,1
17,書,1
17,基,1
17,全国,1
18,見解,1
18,一,1
18,内,1
18,動画,1
18,件数,1
18,利用,1
18,対象,2
18,アドレス,1
18,両社,4
18,開始,1
18,通知,1
18,相談,1
18,経緯,1
18,本人,1
18,課金,4
18,個別,1
18,今後,1
18,電子,1
18,策,2
18,検討,1
18,メールアドレス,1
18,ゲーム,3
18,日,7
18,回数,1
18,当局,1
18,取引,2
18,登録,6
18,発表,1
18,的,1
18,万,3
18,円,1
18,解除,1
18,コンテンツ,3
18,運営,1
18,手段,1
18,使用,6
18,の,1
18,次,1
18,機能,2
18,詳細,1
18,ログイン,16
18,等,1
18,規模,1
18,サービス,2
18,アカウント,4
18,第三者,2
18,以外,2
18,一部,3
18,ハッキング,1
18,ユーザー,9
18,被害,7
18,有無,1
18,サイト,2
18,今回,2
18,他者,1
18,月,7
18,型,1
18,期間,1
18,対策,1
18,うえ,1
18,者,1
18,報告,1
18,問い合わせ,2
18,確認,3
18,不正,21
18,同一,1
18,複数,1
18,変更,4
18,公表,1
18,情報,1
18,パスワード,6
18,通り,1
18,現在,1
18,こと,1
18,問題,1
18,もの,1
18,警察,1
18,攻撃,1
18,ポイント,5
18,停止,4
18,メール,1
18,防止,2
18,調査,1
18,場合,1
18,金銭,1
18,掲載,1
18,リスト,2
18,対応,4
18,拡大,1
18,入手,1
18,検出,2
18,これ,1
18,何者,1
18,社内,1
18,コミュニケーション,1
18,さまざま,1
18,連絡,1
18,所有,1
18,お願い,2
18,よう,2
18,回,1
18,総額,1
18,状態,1
18,発生,4
18,弁護士,1
18,件,3
18,ほか,1
18,試行,3
19,庁,1
19,広告,3
19,市,1
19,者,1
19,億,1
19,万,1
19,円,1
19,月,3
19,個,1
19,昨年,2
19,措置,1
19,優良,1
19,同社,3
19,合理,1
19,掲載,1
19,再発,2
19,的,1
19,消費,1
19,表示,1
19,同庁,1
19,今年,1
19,特段,1
19,ホームページ,1
19,信頼,1
19,回復,1
19,ため,1
19,根拠,1
19,カ月,2
19,運動,1
19,販売,2
19,景品,1
19,表示法,1
19,命令,2
19,痩身,2
19,理想,1
19,しん,1
19,福岡,1
19,しんし,1
19,社員,1
19,制限,1
19,よう,2
19,漢方,1
19,今,1
19,真摯,1
19,ダイエット,1
19,誤認,1
19,日,1
19,通販,1
19,間,1
19,摂取,1
19,違反,1
19,会社,1
19,効果,2
19,防止,2
19,食事,1
19,教育,1
19,徹底,1
19,姿,1
20,育成,1
20,的,1
20,制度,3
20,所,1
20,水準,1
20,上,2
20,事業,1
20,下旬,1
20,利用,1
20,戦略,1
20,場合,1
20,９,2
20,８,3
20,際,1
20,差,1
20,評価,1
20,人件,1
20,労働,2
20,懸念,1
20,項目,1
20,対応,1
20,同一,1
20,正社員,7
20,合理,1
20,骨子,1
20,企業,2
20,一般,4
20,労働省,1
20,割,2
20,案,2
20,等,1
20,人,1
20,就業,1
20,地,2
20,たち,1
20,雇用,1
20,転勤,1
20,目安,2
20,運用,1
20,成長,1
20,留意,1
20,６月,1
20,焦点,1
20,職業,1
20,処遇,1
20,導入,1
20,閉鎖,1
20,経営,1
20,程度,1
20,厚生,1
20,実態,1
20,時間,1
20,検討,1
20,賃金,4
20,アンケート,1
20,よう,1
20,費,1
20,ため,2
20,政府,2
20,正規,1
20,事項,1
20,限定,3
20,廃止,1
20,もの,1
20,能力,1
20,の,1
20,手当,1
20,円滑,1
20,指針案,1
20,側,3
20,均衡,1
20,勤務,2
20,相互,1
20,リスク,1
20,基,1
20,人材,1
20,職務,2
20,転換,2
21,想定,1
21,事象,1
21,調査,2
21,部,1
21,不正,2
21,登録,2
21,流出,1
21,名,1
21,後,1
21,ところ,1
21,利用,2
21,同社,2
21,内,1
21,記事,1
21,報告,1
21,次,1
21,確認,3
21,事態,1
21,今回,1
21,変更,6
21,外部,1
21,注意,1
21,版,1
21,とおり,1
21,情報,2
21,他社,4
21,側,1
21,パスワード,12
21,電話,1
21,時,1
21,データ,1
21,等,1
21,公式,1
21,番号,1
21,現在,1
21,サービス,4
21,悪用,1
21,編集,1
21,メールアドレス,4
21,よう,2
21,アカウント,4
21,設定,3
21,第三者,2
21,形,1
21,日,1
21,方法,1
21,もの,1
21,ユーザー,3
21,結果,1
21,機種,1
21,可能,1
21,こと,1
21,ログイン,2
21,その他,1
21,入力,2
21,提供,1
21,回,1
21,引継ぎ,1
21,事実,1
21,原因,1
22,予定,1
22,皆さん,1
22,ん,3
22,２,1
22,６,4
22,開始,1
22,プロ,1
22,さん,1
22,末っ子,1
22,康,2
22,放送,1
22,先日,1
22,大島,1
22,公約,1
22,スクープ,1
22,思い,1
22,テリー,5
22,日,3
22,島崎,2
22,家族,1
22,選挙,3
22,年,1
22,好き,4
22,態度,1
22,そこ,1
22,氏,4
22,１,8
22,５,2
22,結果,2
22,渡辺,1
22,自覚,1
22,ファン,2
22,エース,2
22,麻友,1
22,対談,1
22,プロデューサー,1
22,ニッポン,1
22,感じ,1
22,手,1
22,位,2
22,いきさつ,1
22,何,1
22,テーマ,1
22,メンバー,2
22,実現,1
22,発言,1
22,調和,1
22,まゆ,1
22,４,5
22,８,3
22,最初,1
22,存在,1
22,毎回,1
22,秋元,6
22,たすき,1
22,時,2
22,背中,1
22,子,1
22,こと,2
22,僕,3
22,みたい,2
22,予想,1
22,の,1
22,遥香,2
22,伊藤,3
22,姿,1
22,７,2
22,ゆ,1
22,遺言,1
22,３,1
22,前田,1
22,写真,1
22,感,1
22,ラジオ,1
22,対応,1
22,フライデー,1
22,総合,1
22,生放送,1
22,優子,1
22,仕事,1
22,人,1
22,選抜,2
22,一緒,1
22,毎週,1
22,よう,3
22,回,1
22,敦子,1
22,劇場,1
22,塩,1
22,野球,1
22,金曜,1
22,歳,2
22,グループ,1
22,一致,1
22,球宴,1
23,持参,1
23,毎日,1
23,熱情,1
23,６,1
23,恩返し,1
23,力,2
23,世代,1
23,警備,1
23,震災,2
23,さん,2
23,日本人,1
23,南東,1
23,区,1
23,国王,1
23,言葉,1
23,口座,1
23,明治天皇,1
23,金,2
23,直後,2
23,感情,1
23,状況,1
23,日,2
23,浸透,1
23,ネット,2
23,年,2
23,当時,1
23,直接,1
23,多額,1
23,的,2
23,青柳,1
23,大樹,1
23,１,5
23,５,2
23,寄付,4
23,作家,1
23,時代,1
23,経過,1
23,歴史,1
23,セルビア,5
23,村上,1
23,洪水,2
23,手,2
23,逸話,1
23,ため,1
23,武道,1
23,部,1
23,代弁,1
23,気持ち,1
23,被害,1
23,大使館,3
23,対,1
23,市,1
23,０,4
23,４,1
23,大好き,1
23,評価,1
23,王国,1
23,サポート,1
23,ショック,1
23,圧倒的,1
23,東村山,1
23,支援,2
23,日本,5
23,東日本,1
23,つながり,1
23,員,1
23,勤勉,1
23,欧州,1
23,春樹,1
23,の,1
23,恩,1
23,振込,1
23,製品,1
23,とき,1
23,メッセージ,1
23,都,1
23,近く,1
23,感謝,2
23,中心,1
23,３,1
23,理由,1
23,国民,1
23,関係,1
23,度,1
23,現金,1
23,就任,1
23,書留,1
23,これ,1
23,人,5
23,東京,1
23,文化,1
23,カ月,1
23,大使,3
23,前,1
23,国書,1
23,技術,1
23,さ,1
23,在京,1
23,同国,2
23,品川,1
23,恩義,1
23,大震災,1
23,発生,1
23,大人気,1
24,落雷,1
24,発表,2
24,的,2
24,災害,2
24,日射,1
24,以来,1
24,活発,1
24,必要,2
24,県,5
24,千葉,1
24,関東,2
24,地上,1
24,上昇,1
24,朝,1
24,夜,2
24,大気,2
24,急,1
24,梅雨,1
24,地方,2
24,気温,1
24,土砂,2
24,分,1
24,茨城,1
24,注意,3
24,所,1
24,これ,1
24,発達,1
24,情報,1
24,東京,1
24,ミリ,1
24,前日,1
24,非常,1
24,群馬,1
24,時,1
24,ひょう,2
24,地盤,1
24,雨,3
24,雷雨,1
24,メートル,1
24,不安定,2
24,雷雲,2
24,午後,1
24,時間,1
24,それ,2
24,付近,1
24,ため,3
24,大雨,1
24,晴れ間,1
24,現在,1
24,寒気,1
24,日,6
24,上空,1
24,以上,1
24,突風,2
24,ぶり,1
24,状態,2
24,竜巻,3
24,局地,2
24,発生,2
24,甲信,2
24,都心,1
24,晴天,1
24,栃木,1
24,梅雨入り,1
24,埼玉,1
25,省,2
25,ワールドカップ,1
25,勝敗,1
25,パンダ,1
25,ブラジル,4
25,Ｗ杯,1
25,１,4
25,０,2
25,３,1
25,２,3
25,ジャイアントパンダ,1
25,８,1
25,南アフリカ,1
25,的中,1
25,戦,1
25,横,1
25,大会,2
25,箱,1
25,開幕,1
25,中国,1
25,ロイター,1
25,人気,1
25,サッカー,1
25,イベント,1
25,タコ,1
25,試合,2
25,江蘇,2
25,揚,2
25,州,2
25,国旗,1
25,日,2
25,予想,2
25,者,1
25,結果,1
25,クロアチア,1
25,年,1
25,勝利,1
25,対,2
26,ブラジル,5
26,ジオラマ,1
26,タイガー,1
26,会,1
26,優勝,1
26,原画,1
26,さん,5
26,決勝,1
26,等身,2
26,バルセロナ,1
26,方,1
26,クラブ,1
26,区,1
26,本田,1
26,フィギュア,2
26,コンディション,1
26,上野,1
26,数々,1
26,チーム,1
26,日,3
26,キャラクター,1
26,ポジション,1
26,日向,1
26,的,1
26,高橋,5
26,パス,1
26,ともだち,2
26,パネル,1
26,オープニングセレモニー,1
26,君,1
26,巨大,1
26,台東,1
26,圭,1
26,エース,1
26,今朝,1
26,同日,1
26,大空,2
26,主人公,2
26,ボール,2
26,スペイン,1
26,葛,1
26,発進,1
26,佑,1
26,エール,1
26,都,1
26,特集,1
26,企画,1
26,シーン,2
26,対,1
26,分析,1
26,今回,1
26,市,1
26,説明,1
26,月,1
26,作者,1
26,スー,1
26,苦戦,1
26,最初,1
26,選手,4
26,戦,1
26,舞台,1
26,小次郎,1
26,白星,1
26,展示,2
26,陽一,1
26,壁,1
26,日本,3
26,ショット,1
26,サッカー,2
26,ゴール,1
26,開催,4
26,香川,1
26,作,2
26,ユニホーム,1
26,真司,1
26,予想,1
26,もの,1
26,国,1
26,活躍,2
26,美術館,1
26,ワールドカップ,3
26,代表,3
26,登場,2
26,世界,1
26,キャプテン,3
26,写真,1
26,理由,1
26,大会,1
26,イラスト,1
26,開幕,2
26,人気,2
26,東京,1
26,得点,1
26,展,3
26,南,1
26,作品,1
26,杯,1
26,森,1
26,クロアチア,1
26,マンガ,1
26,翼,9
27,宮城野,1
27,市,1
27,者,4
27,ほた,2
27,視野,1
27,入院,1
27,死亡,2
27,皮下,1
27,午前,1
27,娘,1
27,際,1
27,の,1
27,相手,2
27,致死,1
27,出血,1
27,頬,1
27,ちゃん,3
27,課,3
27,長女,1
27,疑い,1
27,仕事,1
27,先,1
27,仙台,2
27,区,1
27,県警,1
27,建設,1
27,時,1
27,宮城,1
27,苦竹,1
27,女児,2
27,暴行,1
27,こと,1
27,傷害,2
27,午後,1
27,自宅,1
27,母親,1
27,逮捕,2
27,員,1
27,口,2
27,日,5
27,西塚,1
27,時の間,1
27,両手,1
27,西道,2
27,捜査,2
27,病院,1
27,東,1
27,歳,1
27,署,1
27,交際,2
27,容疑,8
27,和也,1
27,作業,1
27,けが,1
28,守備,1
28,栄,1
28,三塁手,2
28,外野,2
28,２,8
28,６,5
28,プロ,1
28,投手,7
28,丸,1
28,セ,2
28,広島,12
28,最終,1
28,一塁,2
28,トップ,4
28,慎,1
28,宏,1
28,チーム,1
28,人,2
28,日,4
28,結果,1
28,得票,1
28,今宮,1
28,堂林,1
28,投票,1
28,糸井,2
28,大谷,3
28,発表,4
28,万,6
28,オリックス,3
28,１,8
28,５,2
28,竜司,1
28,９,2
28,大瀬,2
28,阪神,1
28,一岡,2
28,楽天,1
28,ファン,2
28,日本ハム,4
28,岸,2
28,菊池,1
28,允,1
28,手,4
28,位置,1
28,位,1
28,セ・リーグ,2
28,西武,3
28,剛,1
28,浅村,1
28,浩,2
28,良,2
28,平,1
28,基,1
28,涼介,1
28,巨人,1
28,嶋,1
28,パ・リーグ,2
28,福,1
28,０,4
28,中村,1
28,４,7
28,斗,1
28,阿部,1
28,８,3
28,後押し,1
28,選手,2
28,宣,1
28,戦,1
28,助,1
28,ヤクルト,1
28,抑え,2
28,部門,1
28,日曜日,1
28,パ,1
28,翔太,1
28,鳥谷,1
28,票,6
28,敬,1
28,中田,1
28,大地,1
28,接戦,1
28,３,3
28,前田,1
28,７,5
28,土,1
28,低迷,1
28,先発,3
28,別,1
28,二塁手,2
28,中,1
28,交流,1
28,ソフトバンク,4
28,遊撃手,2
28,健太,1
28,松田,1
28,翔,2
28,中間,3
28,中継,2
28,陽,1
28,野球,1
28,嘉男,1
28,森,1
28,佳,1
28,捕手,2
28,連敗,1
29,受け皿,1
29,実施,1
29,キャッチ,1
29,ジワジワ,1
29,カバー,1
29,体制,1
29,．,3
29,２,9
29,増,4
29,６,5
29,最多,1
29,発売,2
29,眞,1
29,消費,2
29,各社,1
29,缶,2
29,ターゲット,1
29,社,1
29,８月,1
29,トップ,2
29,食事,1
29,検討,1
29,状況,1
29,代,3
29,日,2
29,層,1
29,シェア,3
29,主力,1
29,入り,1
29,ポジション,1
29,若者,1
29,常務,2
29,年,5
29,けん引,4
29,系,3
29,４,11
29,減少,1
29,需要,3
29,％,8
29,的,3
29,万,6
29,好調,1
29,二,1
29,入り口,1
29,１,16
29,商品,12
29,５,6
29,コラボレーション,1
29,９,6
29,価格,1
29,従来,1
29,カテゴリー,3
29,傾向,1
29,ジャンル,1
29,成功,1
29,律子,1
29,氷結,2
29,男性,2
29,スト,4
29,スタート,1
29,位,1
29,前年,3
29,今夏,1
29,支持,1
29,設備,1
29,ため,1
29,実現,2
29,来夏,1
29,適用,1
29,構え,1
29,ユーザー,1
29,アルコール,9
29,品目,2
29,強気,1
29,味,1
29,過去,1
29,広報,1
29,大手,1
29,比,2
29,度数,5
29,９月,1
29,億,2
29,縮小,1
29,水準,1
29,期間,1
29,対極,1
29,０,16
29,基幹,1
29,投入,2
29,８,5
29,期待,2
29,ブランド,2
29,山田,2
29,増産,1
29,酒類,2
29,本,1
29,増強,1
29,計画,1
29,キリン,3
29,ほろ,1
29,有力,1
29,換算,1
29,成長,4
29,拡大,7
29,販売,3
29,初年度,1
29,こと,4
29,分野,1
29,類,2
29,サッポロビール,1
29,以上,1
29,限定,1
29,コピー,1
29,の,1
29,割,1
29,酒税,1
29,者,2
29,中心,1
29,登場,1
29,夏,1
29,様々,1
29,３,8
29,７,2
29,開発,1
29,数量,1
29,期,1
29,重要,1
29,末,1
29,ミリリットル,1
29,中,1
29,多面,1
29,市場,14
29,漸減,1
29,アサヒビール,1
29,強,1
29,ロイター,1
29,生産,1
29,東京,1
29,幅,1
29,前面,1
29,飲料,2
29,分析,1
29,積極,2
29,焼酎,1
29,さ,1
29,ハイボール,2
29,他,1
29,異例,1
29,ゼロ,2
29,キリンビール,1
29,ビール,9
29,マイナス,1
29,ニーズ,1
29,ロング,4
29,辛口,1
29,強化,2
29,会社,2
29,サントリー,4
29,グループ,1
29,５月,2
29,ケース,7
29,ほか,3
29,清水,1
29,一体化,1
30,北海道,1
30,自然,1
30,流れ,1
30,昨年,1
30,体温,4
30,湿度,1
30,日陰,1
30,大切,1
30,時期,1
30,無理,1
30,身,1
30,熱,5
30,外出,2
30,町,1
30,大事,1
30,人間,1
30,扇風機,1
30,蒸発,2
30,不足,1
30,策,1
30,車内,2
30,悪化,1
30,室内,2
30,死亡,1
30,水蒸気,1
30,異常,1
30,多く,1
30,体調,1
30,運転,2
30,料理,1
30,気化,1
30,救急,1
30,気,1
30,首,1
30,高温,1
30,梅雨,3
30,増加,1
30,室温,1
30,めまい,1
30,多湿,1
30,主,1
30,道内,1
30,状態,1
30,男性,1
30,換気,1
30,営業,1
30,記録,2
30,最近,1
30,汗,4
30,タイ,1
30,ため,2
30,雨,1
30,着用,1
30,湯,1
30,補給,1
30,日傘,2
30,シーン,1
30,熱中,8
30,エアコン,2
30,猛暑,1
30,設置,1
30,折りたたみ,1
30,月,1
30,例,1
30,皮膚,1
30,最高,1
30,症状,3
30,日光,1
30,帽子,2
30,用,1
30,後ろ,1
30,けいれん,1
30,意識,2
30,時,4
30,症,8
30,こと,5
30,異変,1
30,処置,1
30,有効,1
30,血管,3
30,障害,1
30,もの,1
30,危険,2
30,の,4
30,血液,2
30,とき,9
30,大量,1
30,火,1
30,マン,1
30,者,1
30,鞄,1
30,ビジネス,1
30,必要,1
30,夏,1
30,ところ,1
30,真夏,1
30,水分,2
30,音更,1
30,対処,1
30,温度,2
30,重要,1
30,事故,1
30,度,1
30,予防,1
30,気温,2
30,医療,1
30,脳,1
30,注意,1
30,節電,1
30,人,4
30,調節,1
30,炎天下,1
30,放出,2
30,さまざま,1
30,データ,1
30,車,2
30,体,4
30,さ,4
30,直射,1
30,よう,2
30,場所,1
30,移動,1
30,高齢,1
30,自力,1
30,受診,1
30,早め,2
30,初旬,1
30,機関,1
30,たくさん,1
